{
    "plain": 0.8221153846153846,
    "gaussian_noise": {
        "1": 0.8044871794871795,
        "2": 0.7524038461538461,
        "3": 0.6738782051282052,
        "4": 0.5291466346153846,
        "5": 0.30408653846153844
    },
    "gaussian_blur": {
        "1": 0.8253205128205128,
        "2": 0.8155048076923077,
        "3": 0.7834535256410257,
        "4": 0.6829927884615384,
        "5": 0.5034054487179487
    },
    "contrast": {
        "1": 0.8090945512820513,
        "2": 0.7630208333333334,
        "3": 0.7096354166666666,
        "4": 0.6190905448717948,
        "5": 0.480869391025641
    },
    "jpeg": {
        "1": 0.8151041666666666,
        "2": 0.8011818910256411,
        "3": 0.7848557692307693,
        "4": 0.7681290064102564,
        "5": 0.6664663461538461
    }
}