{
    "plain": 0.8029847756410257,
    "gaussian_noise": {
        "1": 0.788261217948718,
        "2": 0.7548076923076923,
        "3": 0.6975160256410257,
        "4": 0.5855368589743589,
        "5": 0.3803084935897436
    },
    "gaussian_blur": {
        "1": 0.8019831730769231,
        "2": 0.7914663461538461,
        "3": 0.7598157051282052,
        "4": 0.6586538461538461,
        "5": 0.4765625
    },
    "contrast": {
        "1": 0.8010817307692307,
        "2": 0.7761418269230769,
        "3": 0.7336738782051282,
        "4": 0.6650641025641025,
        "5": 0.5246394230769231
    },
    "jpeg": {
        "1": 0.7986778846153846,
        "2": 0.7877604166666666,
        "3": 0.7755408653846154,
        "4": 0.7580128205128205,
        "5": 0.664863782051282
    }
}