{
    "plain": 0.8052884615384616,
    "gaussian_noise": {
        "1": 0.7917668269230769,
        "2": 0.7554086538461539,
        "3": 0.6967147435897436,
        "4": 0.5850360576923077,
        "5": 0.3957331730769231
    },
    "gaussian_blur": {
        "1": 0.8050881410256411,
        "2": 0.796073717948718,
        "3": 0.7640224358974359,
        "4": 0.6707732371794872,
        "5": 0.4948918269230769
    },
    "contrast": {
        "1": 0.8005809294871795,
        "2": 0.7650240384615384,
        "3": 0.7133413461538461,
        "4": 0.6133814102564102,
        "5": 0.4577323717948718
    },
    "jpeg": {
        "1": 0.8030849358974359,
        "2": 0.7897636217948718,
        "3": 0.7818509615384616,
        "4": 0.7666266025641025,
        "5": 0.6725761217948718
    }
}