{
    "plain": 0.8506610576923077,
    "gaussian_noise": {
        "1": 0.8306290064102564,
        "2": 0.7802483974358975,
        "3": 0.694511217948718,
        "4": 0.5140224358974359,
        "5": 0.2881610576923077
    },
    "gaussian_blur": {
        "1": 0.8490584935897436,
        "2": 0.8244190705128205,
        "3": 0.7788461538461539,
        "4": 0.6694711538461539,
        "5": 0.4785657051282051
    },
    "contrast": {
        "1": 0.8455528846153846,
        "2": 0.8240184294871795,
        "3": 0.7936698717948718,
        "4": 0.7258613782051282,
        "5": 0.5785256410256411
    },
    "jpeg": {
        "1": 0.8457532051282052,
        "2": 0.8269230769230769,
        "3": 0.8125,
        "4": 0.7918669871794872,
        "5": 0.6705729166666666
    }
}