{
    "plain": 0.8591746794871795,
    "gaussian_noise": {
        "1": 0.8227163461538461,
        "2": 0.7207532051282052,
        "3": 0.5928485576923077,
        "4": 0.40384615384615385,
        "5": 0.22205528846153846
    },
    "gaussian_blur": {
        "1": 0.8595753205128205,
        "2": 0.842948717948718,
        "3": 0.8032852564102564,
        "4": 0.7009214743589743,
        "5": 0.5003004807692307
    },
    "contrast": {
        "1": 0.8527644230769231,
        "2": 0.8287259615384616,
        "3": 0.7910657051282052,
        "4": 0.7193509615384616,
        "5": 0.5825320512820513
    },
    "jpeg": {
        "1": 0.8475560897435898,
        "2": 0.8259214743589743,
        "3": 0.8074919871794872,
        "4": 0.7816506410256411,
        "5": 0.6591546474358975
    }
}